time,<1,1,2,3,4,5,6,7,8,9,10,20,21,>40,SafeLow (<30m),Standard (<5m),Fast (<2m),
14-34-7,0,0.2,34.4,2.5,1,0.7,0.5,0.5,0.5,0.5,0.5,0.5,0.5,0.5,2.1,2.1,4,
14-34-40,0,0.2,34.8,2.5,1,0.7,0.5,0.5,0.5,0.5,0.5,0.5,0.5,0.5,2.1,2.1,4,
14-35-14,0,0.2,35.8,2.5,1,0.7,0.5,0.5,0.5,0.5,0.5,0.5,0.5,0.5,2.1,2.1,4,
14-35-48,0,0.2,35.8,2.5,1,0.7,0.5,0.5,0.5,0.5,0.5,0.5,0.5,0.5,2.1,2.1,4,
14-36-21,0,0.2,35.5,2.4,1,0.7,0.5,0.5,0.5,0.5,0.5,0.5,0.5,0.5,2.1,2.1,4,
14-36-54,0,0.2,35.5,2.4,1,0.7,0.5,0.5,0.5,0.5,0.5,0.5,0.5,0.5,2.1,2.1,4,
14-37-27,0,0.2,35.5,2.4,1,0.7,0.5,0.5,0.5,0.5,0.5,0.5,0.5,0.5,2.1,2.1,4,
14-38-0,0,0.2,34.3,2.3,0.9,0.7,0.5,0.5,0.5,0.5,0.5,0.5,0.5,0.5,2.1,2.1,4,
14-38-33,0,0.2,33.9,2.3,0.9,0.7,0.5,0.5,0.5,0.5,0.5,0.5,0.5,0.5,2.1,2.1,4,
14-39-7,0,0.2,33.9,2.3,0.9,0.7,0.5,0.5,0.5,0.5,0.5,0.5,0.5,0.5,2.1,2.1,4,
14-39-40,0,0.2,33.4,2.3,0.9,0.7,0.5,0.5,0.5,0.5,0.5,0.5,0.5,0.5,2.1,2.1,4,
14-40-13,0,0.2,32.9,2.3,0.9,0.7,0.5,0.5,0.5,0.5,0.5,0.5,0.5,0.5,2.1,2.1,4,
14-40-46,0,0.2,32.9,2.3,0.9,0.7,0.5,0.5,0.5,0.5,0.5,0.5,0.5,0.5,2.1,2.1,4,
14-41-20,0,0.2,32.9,2.3,0.9,0.7,0.5,0.5,0.5,0.5,0.5,0.5,0.5,0.5,2.1,2.1,4,
14-41-53,0,0.2,32.9,2.3,0.9,0.7,0.5,0.5,0.5,0.5,0.5,0.5,0.5,0.5,2.1,2.1,4,
14-42-26,0,0.2,33.3,2.3,0.9,0.7,0.5,0.5,0.5,0.5,0.5,0.5,0.5,0.5,2.1,2.1,4,
14-42-59,0,0.2,33.3,2.3,0.9,0.7,0.5,0.5,0.5,0.5,0.5,0.5,0.5,0.5,2.1,2.1,4,
14-43-32,0,0.2,34,2.3,0.9,0.7,0.5,0.5,0.5,0.5,0.5,0.5,0.5,0.5,2.1,2.1,4,
14-44-5,0,0.2,34,2.3,0.9,0.7,0.5,0.5,0.5,0.5,0.5,0.5,0.5,0.5,2.1,2.1,4,
14-44-39,0,0.2,33.7,2.3,0.9,0.7,0.5,0.5,0.5,0.5,0.5,0.5,0.5,0.5,2.1,2.1,4,
14-50-7,0,0.2,31.9,2,0.9,0.7,0.4,0.4,0.4,0.4,0.4,0.4,0.4,0.4,2.1,2.1,4,
14-50-41,0,0.2,31.9,2,0.9,0.7,0.4,0.4,0.4,0.4,0.4,0.4,0.4,0.4,2.1,2.1,4,
14-51-14,0,0.2,32.5,2,0.9,0.7,0.5,0.5,0.5,0.5,0.5,0.5,0.5,0.5,2.1,2.1,4,
14-51-47,0,0.2,32.5,2,0.9,0.7,0.5,0.5,0.5,0.5,0.5,0.5,0.5,0.5,2.1,2.1,4,
14-52-20,0,0.2,32.5,2,0.9,0.7,0.5,0.5,0.5,0.5,0.5,0.5,0.5,0.5,2.1,2.1,4,
14-52-54,0,0.2,32.8,2.1,0.9,0.7,0.5,0.5,0.5,0.5,0.5,0.5,0.5,0.5,2.1,2.1,4,
14-53-27,0,0.2,32.8,2.1,0.9,0.7,0.5,0.5,0.5,0.5,0.5,0.5,0.5,0.5,2.1,2.1,4,
14-54-0,0,0.2,32.8,2.1,0.9,0.7,0.5,0.5,0.5,0.5,0.5,0.5,0.5,0.5,2.1,2.1,4,
14-54-33,0,0.2,32.1,2,0.9,0.7,0.5,0.5,0.5,0.5,0.5,0.5,0.5,0.5,2.1,2.1,4,
14-55-6,0,0.2,32.6,2.1,0.9,0.7,0.5,0.5,0.5,0.5,0.5,0.5,0.5,0.5,2.1,2.1,4,
14-55-40,0,0.2,32.6,2.1,0.9,0.7,0.5,0.5,0.5,0.5,0.5,0.5,0.5,0.5,2.1,2.1,3,
14-56-14,0,0.2,32.6,2.1,0.9,0.7,0.5,0.5,0.5,0.5,0.5,0.5,0.5,0.5,2.1,2.1,3,
14-56-47,0,0.2,31.6,2,0.9,0.7,0.5,0.5,0.5,0.5,0.5,0.5,0.5,0.5,2.1,2.1,4,
14-57-20,0,0.2,31.6,2,0.9,0.7,0.5,0.5,0.5,0.5,0.5,0.5,0.5,0.5,2.1,2.1,4,
14-57-53,0,0.2,31.6,2,0.9,0.7,0.5,0.5,0.5,0.5,0.5,0.5,0.5,0.5,2.1,2.1,4,
14-58-26,0,0.2,31.7,2,0.9,0.7,0.5,0.5,0.5,0.5,0.5,0.5,0.5,0.5,2.1,2.1,4,
14-58-59,0,0.2,31.7,2,0.9,0.7,0.5,0.5,0.5,0.5,0.5,0.5,0.5,0.5,2.1,2.1,4,
14-59-32,0,0.2,32,2.1,0.9,0.7,0.5,0.5,0.5,0.5,0.5,0.5,0.5,0.5,2.1,2.1,4,
15-0-6,0,0.2,32,2.1,0.9,0.7,0.5,0.5,0.5,0.5,0.5,0.5,0.5,0.5,2.1,2.1,4,
15-0-39,0,0.2,32,2.1,0.9,0.7,0.5,0.5,0.5,0.5,0.5,0.5,0.5,0.5,2.1,2.1,4,
15-5-58,0,0.2,30.1,2.1,0.9,0.7,0.5,0.5,0.5,0.5,0.5,0.5,0.5,0.5,2.1,2.1,4,
15-6-31,0,0.2,30.1,2.1,0.9,0.7,0.5,0.5,0.5,0.5,0.5,0.5,0.5,0.5,2.1,2.1,4,
15-7-4,0,0.2,30.1,2.1,0.9,0.7,0.5,0.5,0.5,0.5,0.5,0.5,0.5,0.5,2.1,2.1,4,
15-7-38,0,0.2,30.1,2.1,0.9,0.7,0.5,0.5,0.5,0.5,0.5,0.5,0.5,0.5,2.1,2.1,4,
15-8-11,0,0.2,30,2.1,0.9,0.7,0.5,0.5,0.5,0.5,0.5,0.5,0.5,0.5,2.1,2.1,4,
15-8-43,0,0.2,30,2.1,0.9,0.7,0.5,0.5,0.5,0.5,0.5,0.5,0.5,0.5,2.1,2.6,4,
15-9-16,0,0.2,30.1,2.1,0.9,0.7,0.5,0.5,0.5,0.5,0.5,0.5,0.5,0.5,2.1,2.55,4,
15-9-50,0,0.2,30.1,2.1,0.9,0.7,0.5,0.5,0.5,0.5,0.5,0.5,0.5,0.5,2.1,2.55,4,
15-10-24,0,0.2,29.6,2.1,0.9,0.7,0.5,0.5,0.5,0.5,0.5,0.5,0.5,0.5,2.1,2.3,4,
15-10-56,0,0.2,29.6,2.1,0.9,0.7,0.5,0.5,0.5,0.5,0.5,0.5,0.5,0.5,2.1,2.1,4,
15-11-29,0,0.2,29.6,2.1,0.9,0.7,0.5,0.5,0.5,0.5,0.5,0.5,0.5,0.5,2.1,2.1,4,
15-12-3,0,0.2,28.9,2.1,0.9,0.7,0.5,0.5,0.5,0.5,0.5,0.5,0.5,0.5,2.1,2.1,4,
15-12-36,0,0.2,28.7,2.1,1,0.7,0.5,0.5,0.5,0.5,0.5,0.5,0.5,0.5,2.1,2.1,4,
15-13-9,0,0.2,28.7,2.1,1,0.7,0.5,0.5,0.5,0.5,0.5,0.5,0.5,0.5,2.1,2.1,4,
15-13-45,0,0.2,28.1,2.1,0.9,0.7,0.5,0.5,0.5,0.5,0.5,0.5,0.5,0.5,2.1,2.1,4,
15-14-18,0,0.2,28.1,2.1,0.9,0.7,0.5,0.5,0.5,0.5,0.5,0.5,0.5,0.5,2.1,2.1,4,
15-14-51,0,0.2,28.1,2.1,0.9,0.7,0.5,0.5,0.5,0.5,0.5,0.5,0.5,0.5,2.1,2.1,4,
15-15-25,0,0.2,28.1,2.1,0.9,0.7,0.5,0.5,0.5,0.5,0.5,0.5,0.5,0.5,2.1,2.1,4,
15-15-58,0,0.2,27.7,1.9,0.9,0.7,0.5,0.5,0.5,0.5,0.5,0.5,0.5,0.5,2.1,2.1,4,
15-16-31,0,0.2,26.5,1.9,0.9,0.7,0.5,0.5,0.5,0.5,0.5,0.5,0.5,0.5,2.1,2.1,4,
15-18-31,0,0.2,21.5,1.8,0.9,0.7,0.5,0.5,0.5,0.5,0.5,0.5,0.5,0.5,2.1,2.1,4,
15-19-4,0,0.2,21.5,1.8,0.9,0.7,0.5,0.5,0.5,0.5,0.5,0.5,0.5,0.5,2.1,2.1,4,
15-19-38,0,0.2,21.2,1.8,0.9,0.7,0.5,0.5,0.5,0.5,0.5,0.5,0.5,0.5,2.1,2.1,4,
15-20-10,0,0.2,21.2,1.8,0.9,0.7,0.5,0.5,0.5,0.5,0.5,0.5,0.5,0.5,2.1,2.1,4,
15-21-24,0,0.2,21.6,1.8,0.9,0.7,0.5,0.5,0.5,0.5,0.5,0.5,0.5,0.5,2.1,2.1,4,
15-21-57,0,0.2,21.6,1.8,0.9,0.7,0.5,0.5,0.5,0.5,0.5,0.5,0.5,0.5,2.1,2.1,4,
15-22-32,0,0.2,20.9,1.9,0.9,0.7,0.5,0.5,0.5,0.5,0.5,0.5,0.5,0.5,2.1,2.1,4,
15-23-5,0,0.2,20.9,1.9,0.9,0.7,0.5,0.5,0.5,0.5,0.5,0.5,0.5,0.5,2.1,2.1,4,
15-23-39,0,0.2,19.9,1.9,0.9,0.7,0.5,0.5,0.5,0.5,0.5,0.5,0.5,0.5,2,2.1,4,
15-24-11,0,0.2,19.9,1.9,0.9,0.7,0.5,0.5,0.5,0.5,0.5,0.5,0.5,0.5,2,2.1,4,
15-24-45,0,0.2,20.1,1.9,0.9,0.7,0.5,0.5,0.5,0.5,0.5,0.5,0.5,0.5,2,2.1,4,
15-25-18,0,0.2,20.1,1.9,0.9,0.7,0.5,0.5,0.5,0.5,0.5,0.5,0.5,0.5,2,2.1,4,
15-25-50,0,0.2,18.4,1.9,0.9,0.7,0.5,0.5,0.5,0.5,0.5,0.5,0.5,0.5,2,2.1,4,
15-26-24,0,0.2,18.3,1.9,1,0.7,0.5,0.5,0.5,0.5,0.5,0.5,0.5,0.5,2,2.1,4,
15-26-56,0,0.2,18.3,1.9,1,0.7,0.5,0.5,0.5,0.5,0.5,0.5,0.5,0.5,2,2.1,4,
15-27-29,0,0.2,18.3,1.9,1,0.7,0.5,0.5,0.5,0.5,0.5,0.5,0.5,0.5,2,2.05,4,
15-28-3,0,0.2,18.3,1.9,1,0.7,0.5,0.5,0.5,0.5,0.5,0.5,0.5,0.5,2,2,4,
15-28-35,0,0.2,18.3,1.9,1,0.7,0.5,0.5,0.5,0.5,0.5,0.5,0.5,0.5,2,2,4.1,
15-29-8,0,0.2,18.2,1.9,0.9,0.7,0.5,0.5,0.5,0.5,0.5,0.5,0.5,0.5,2,2,4.1,
15-29-40,0,0.2,18.2,1.9,0.9,0.7,0.5,0.5,0.5,0.5,0.5,0.5,0.5,0.5,2,2,4,
15-30-13,0,0.2,18,1.9,0.9,0.7,0.5,0.5,0.5,0.5,0.5,0.5,0.5,0.5,2,2,4,
15-30-45,0,0.2,18,1.9,0.9,0.7,0.5,0.5,0.5,0.5,0.5,0.5,0.5,0.5,2,2.05,4,
15-31-18,0,0.2,17.3,1.9,0.9,0.7,0.5,0.5,0.5,0.5,0.5,0.5,0.5,0.5,2,2.1,4,
15-31-52,0,0.2,17.2,1.9,0.9,0.7,0.5,0.5,0.5,0.5,0.5,0.5,0.5,0.5,2,2.1,4,
15-35-27,0,126.6,15.6,1.8,0.9,0.7,0.5,0.5,0.5,0.5,0.5,0.5,0.5,0.5,2,2,4,
15-36-0,0,126.6,15.6,1.8,0.9,0.7,0.5,0.5,0.5,0.5,0.5,0.5,0.5,0.5,2,2,4,
15-36-32,0,127.5,14.8,1.8,0.9,0.7,0.5,0.5,0.5,0.5,0.5,0.5,0.5,0.5,2,2,4,
15-37-5,0,127.1,14.3,1.6,0.9,0.7,0.5,0.5,0.5,0.5,0.5,0.5,0.5,0.5,2,2,4,
15-37-38,0,127.1,14.3,1.6,0.9,0.7,0.5,0.5,0.5,0.5,0.5,0.5,0.5,0.5,2,2,4,
15-38-10,0,127.1,14.3,1.6,0.9,0.7,0.5,0.5,0.5,0.5,0.5,0.5,0.5,0.5,2,2,4.1,
15-38-43,0,127.8,13.9,1.6,0.9,0.7,0.5,0.5,0.5,0.5,0.5,0.5,0.5,0.5,2,2,4.1,
15-39-15,0,126.9,13.2,1.6,0.9,0.7,0.5,0.5,0.5,0.5,0.5,0.5,0.5,0.5,2,2,4.1,
15-39-50,0,127.4,12.7,1.6,0.9,0.7,0.5,0.5,0.5,0.5,0.5,0.5,0.5,0.5,2,2,4.1,
15-40-23,0,127.4,12.7,1.6,0.9,0.7,0.5,0.5,0.5,0.5,0.5,0.5,0.5,0.5,2,2,4.1,
15-40-56,0,125.2,12.3,1.6,0.9,0.7,0.4,0.4,0.4,0.4,0.4,0.4,0.4,0.4,2,2,4.1,
15-41-28,0,125.2,12.3,1.6,0.9,0.7,0.4,0.4,0.4,0.4,0.4,0.4,0.4,0.4,2,2,4.1,
15-42-1,0,123.2,11.6,1.5,0.9,0.7,0.4,0.4,0.4,0.4,0.4,0.4,0.4,0.4,2,2,4.1,
15-42-34,0,173.9,11.5,1.5,0.9,0.7,0.4,0.4,0.4,0.4,0.4,0.4,0.4,0.4,2,2,4,
15-43-6,0,173.9,11.5,1.5,0.9,0.7,0.4,0.4,0.4,0.4,0.4,0.4,0.4,0.4,2,2,4,
15-43-40,0,173.9,11.5,1.5,0.9,0.7,0.4,0.4,0.4,0.4,0.4,0.4,0.4,0.4,2,2,4.1,
15-44-14,0,170,10.8,1.5,0.9,0.6,0.4,0.4,0.4,0.4,0.4,0.4,0.4,0.4,2,2,4.1,
15-44-46,0,184,10.6,1.5,0.9,0.6,0.4,0.4,0.4,0.4,0.4,0.4,0.4,0.4,2,2,4.1,
15-45-19,0,184,10.6,1.5,0.9,0.6,0.4,0.4,0.4,0.4,0.4,0.4,0.4,0.4,2,2,4.4,
15-45-52,0,184,10.5,1.5,0.9,0.6,0.4,0.4,0.4,0.4,0.4,0.4,0.4,0.4,2,2,4.1,
16-26-30,0,161.6,4.5,1.4,0.7,0.7,0.5,0.5,0.5,0.5,0.5,0.5,0.5,0.5,1.5,2.1,5,
16-27-3,0,162.4,4.5,1.4,0.7,0.7,0.5,0.5,0.5,0.5,0.5,0.5,0.5,0.5,1.5,2.1,5,
16-27-35,0,162.4,4.5,1.4,0.7,0.7,0.5,0.5,0.5,0.5,0.5,0.5,0.5,0.5,1.5,2.1,5,
16-28-8,0,162.4,4.5,1.4,0.7,0.7,0.5,0.5,0.5,0.5,0.5,0.5,0.5,0.5,1.5,2.1,5,
16-28-41,0,162.4,4.5,1.4,0.7,0.7,0.5,0.5,0.5,0.5,0.5,0.5,0.5,0.5,1.5,2.1,5,
16-29-13,0,162.4,4.5,1.4,0.7,0.7,0.5,0.5,0.5,0.5,0.5,0.5,0.5,0.5,1.5,2.05,4.4,
16-29-46,0,161.7,4.3,1.4,0.7,0.7,0.5,0.5,0.5,0.5,0.5,0.5,0.5,0.5,1.5,2,5,
16-30-18,0,161.7,4.3,1.4,0.7,0.7,0.5,0.5,0.5,0.5,0.5,0.5,0.5,0.5,1.5,2,4.4,
16-30-51,0,165.7,4.4,1.5,0.7,0.7,0.5,0.5,0.5,0.5,0.5,0.5,0.5,0.5,2,2,5,
16-31-24,0,167.3,4.4,1.5,0.7,0.7,0.5,0.5,0.5,0.5,0.5,0.5,0.5,0.5,2,2,5,
16-31-57,0,167.3,4.4,1.5,0.7,0.7,0.5,0.5,0.5,0.5,0.5,0.5,0.5,0.5,2,2.05,5,
16-32-29,0,165,4.1,1.2,0.7,0.7,0.5,0.5,0.5,0.5,0.5,0.5,0.5,0.5,2,2.1,4.4,
16-33-1,0,164.3,4.1,1.2,0.7,0.7,0.5,0.5,0.5,0.5,0.5,0.5,0.5,0.5,2,2.05,4.1,
16-33-34,0,164.3,4.1,1.2,0.7,0.7,0.5,0.5,0.5,0.5,0.5,0.5,0.5,0.5,2,2.05,4.1,
16-34-6,0,164.3,4.1,1.2,0.7,0.7,0.5,0.5,0.5,0.5,0.5,0.5,0.5,0.5,2,2,4.1,
16-34-39,0,163.4,4.1,1.2,0.7,0.7,0.5,0.5,0.5,0.5,0.5,0.5,0.5,0.5,1.8,2,4.4,
16-35-11,0,164.1,3.9,1.2,0.7,0.7,0.5,0.5,0.5,0.5,0.5,0.5,0.5,0.5,1.6,1.6,4.1,
16-35-44,0,164.1,3.9,1.2,0.7,0.7,0.5,0.5,0.5,0.5,0.5,0.5,0.5,0.5,1.5,1.5,4.1,
16-36-16,0,162.4,3.8,1.2,0.7,0.7,0.5,0.5,0.5,0.5,0.5,0.5,0.5,0.5,1.5,1.5,4.1,
16-36-49,0,162.4,3.8,1.2,0.7,0.7,0.5,0.5,0.5,0.5,0.5,0.5,0.5,0.5,1.5,1.5,4.1,
16-43-11,0,162.7,3.4,1.2,0.7,0.7,0.5,0.5,0.5,0.5,0.5,0.5,0.5,0.5,1.5,1.5,4.1,
16-43-44,0,162.7,3.4,1.2,0.7,0.7,0.5,0.5,0.5,0.5,0.5,0.5,0.5,0.5,1.5,1.5,4.1,
16-44-16,0,164.9,3.2,1.2,0.7,0.7,0.5,0.5,0.5,0.5,0.5,0.5,0.5,0.5,1.5,1.5,4.1,
16-44-49,0,164.9,3.2,1.2,0.7,0.7,0.5,0.5,0.5,0.5,0.5,0.5,0.5,0.5,1.5,1.5,4.1,
16-45-22,0,165,3.2,1.2,0.7,0.7,0.5,0.5,0.5,0.5,0.5,0.5,0.5,0.5,1.5,1.5,4.1,
16-45-54,0,166.6,3.2,1.2,0.7,0.7,0.5,0.5,0.5,0.5,0.5,0.5,0.5,0.5,1.5,1.8,4.1,
16-46-27,0,166.6,3.2,1.2,0.7,0.7,0.5,0.5,0.5,0.5,0.5,0.5,0.5,0.5,1.5,1.8,4.1,
16-46-59,0,164.1,3.1,1.2,0.7,0.7,0.5,0.5,0.5,0.5,0.5,0.5,0.5,0.5,1.5,1.8,4.1,
16-47-32,0,164.1,3.1,1.2,0.7,0.7,0.5,0.5,0.5,0.5,0.5,0.5,0.5,0.5,1.5,1.8,4.1,
16-48-8,0,159.6,3,1.2,0.7,0.7,0.5,0.5,0.5,0.5,0.5,0.5,0.5,0.5,1.5,1.5,4.1,
16-48-41,0,159.6,3,1.2,0.7,0.7,0.5,0.5,0.5,0.5,0.5,0.5,0.5,0.5,1.5,1.5,4.1,
16-49-13,0,163.6,2.8,1.2,0.7,0.7,0.5,0.5,0.5,0.5,0.5,0.5,0.5,0.5,1.5,1.5,4.1,
16-49-46,0,163.6,2.8,1.2,0.7,0.7,0.5,0.5,0.5,0.5,0.5,0.5,0.5,0.5,1.45,1.5,4.4,
16-50-19,0,164.8,2.8,1.2,0.7,0.7,0.5,0.5,0.5,0.5,0.5,0.5,0.5,0.5,1.4,1.5,4.1,
16-50-51,0,162.1,2.8,1.2,0.7,0.7,0.5,0.5,0.5,0.5,0.5,0.5,0.5,0.5,1.4,1.5,4.1,
16-51-24,0,162.1,2.8,1.2,0.7,0.7,0.5,0.5,0.5,0.5,0.5,0.5,0.5,0.5,1.4,1.5,4.1,
16-51-57,0,162.1,2.8,1.2,0.7,0.7,0.5,0.5,0.5,0.5,0.5,0.5,0.5,0.5,1.4,1.5,4.1,
16-52-30,0,158.3,2.7,1.1,0.7,0.7,0.5,0.5,0.5,0.5,0.5,0.5,0.5,0.5,1.4,1.5,4.1,
16-53-2,0,158.3,2.7,1.1,0.7,0.7,0.5,0.5,0.5,0.5,0.5,0.5,0.5,0.5,1.4,1.5,4.1,
16-53-35,0,158.3,2.7,1.1,0.7,0.7,0.5,0.5,0.5,0.5,0.5,0.5,0.5,0.5,1.4,1.5,4.1,
17-16-16,0,151.4,2.2,1.1,0.7,0.4,0.4,0.4,0.4,0.4,0.4,0.4,0.4,0.4,1.4,2,3.1,
17-16-48,0,151.4,2.2,1.1,0.7,0.4,0.4,0.4,0.4,0.4,0.4,0.4,0.4,0.4,1.4,1.8,4,
17-17-21,0,151.4,2.2,1.1,0.7,0.4,0.4,0.4,0.4,0.4,0.4,0.4,0.4,0.4,1.4,1.6,4,
17-17-53,0,152.2,2.2,1.1,0.7,0.4,0.4,0.4,0.4,0.4,0.4,0.4,0.4,0.4,1.4,1.6,4,
17-18-26,0,152.2,2.2,1.1,0.7,0.4,0.4,0.4,0.4,0.4,0.4,0.4,0.4,0.4,1.4,1.6,4,
17-18-59,0,157.7,2.3,1.2,0.7,0.5,0.5,0.5,0.5,0.5,0.5,0.5,0.5,0.5,1.4,1.8,4,
17-19-32,0,157.7,2.3,1.2,0.7,0.5,0.5,0.5,0.5,0.5,0.5,0.5,0.5,0.5,1.4,2,4,
17-20-4,0,157.7,2.3,1.2,0.7,0.5,0.5,0.5,0.5,0.5,0.5,0.5,0.5,0.5,1.4,2,4,
17-20-37,0,157.7,2.3,1.2,0.7,0.5,0.5,0.5,0.5,0.5,0.5,0.5,0.5,0.5,1.4,2,4,
17-21-10,0,157.7,2.3,1.2,0.7,0.5,0.5,0.5,0.5,0.5,0.5,0.5,0.5,0.5,1.4,2,4,
17-21-43,0,155.4,2.3,1.1,0.7,0.5,0.5,0.5,0.5,0.5,0.5,0.5,0.5,0.5,1.4,2,4,
17-22-17,0,155.4,2.3,1.1,0.7,0.5,0.5,0.5,0.5,0.5,0.5,0.5,0.5,0.5,1.4,2,4,
17-22-49,0,161.5,2.4,1.2,0.7,0.5,0.5,0.5,0.5,0.5,0.5,0.5,0.5,0.5,1.4,2,4,
17-23-22,0,161.5,2.4,1.2,0.7,0.5,0.5,0.5,0.5,0.5,0.5,0.5,0.5,0.5,1.4,2,4,
17-23-54,0,161.5,2.4,1.2,0.7,0.5,0.5,0.5,0.5,0.5,0.5,0.5,0.5,0.5,1.4,2,4,
17-24-27,0,163.3,2.4,1.2,0.7,0.5,0.5,0.5,0.5,0.5,0.5,0.5,0.5,0.5,1.4,2,4,
17-24-59,0,163.3,2.4,1.2,0.7,0.5,0.5,0.5,0.5,0.5,0.5,0.5,0.5,0.5,1.4,2,4,
17-25-32,0,163.1,2.4,1.2,0.7,0.5,0.5,0.5,0.5,0.5,0.5,0.5,0.5,0.5,1.4,2,4,
17-26-4,0,163.1,2.4,1.2,0.7,0.5,0.5,0.5,0.5,0.5,0.5,0.5,0.5,0.5,1.4,2,4,
17-26-37,0,163.1,2.4,1.2,0.7,0.5,0.5,0.5,0.5,0.5,0.5,0.5,0.5,0.5,1.4,2,4,
17-27-10,0,163.7,2.4,1,0.7,0.5,0.5,0.5,0.5,0.5,0.5,0.5,0.5,0.5,1.4,1.8,4,
17-27-42,0,167,2.5,1,0.7,0.5,0.5,0.5,0.5,0.5,0.5,0.5,0.5,0.5,1.4,1.8,4,
17-28-15,0,167,2.5,1,0.7,0.5,0.5,0.5,0.5,0.5,0.5,0.5,0.5,0.5,1.4,1.8,4,
17-28-47,0,165.9,2.4,1,0.7,0.5,0.5,0.5,0.5,0.5,0.5,0.5,0.5,0.5,1.4,1.55,4,
17-29-20,0,164.1,2.4,1,0.7,0.5,0.5,0.5,0.5,0.5,0.5,0.5,0.5,0.5,1.4,1.6,4,
17-29-52,0,164.1,2.4,1,0.7,0.5,0.5,0.5,0.5,0.5,0.5,0.5,0.5,0.5,1.4,1.6,4,
17-30-25,0,159.5,2.4,1,0.7,0.5,0.5,0.5,0.5,0.5,0.5,0.5,0.5,0.5,1.4,1.6,4,
17-30-58,0,159.5,2.4,1,0.7,0.5,0.5,0.5,0.5,0.5,0.5,0.5,0.5,0.5,1.4,1.6,4,
17-31-31,0,159,2.4,0.9,0.7,0.5,0.5,0.5,0.5,0.5,0.5,0.5,0.5,0.5,1.4,1.6,4,
17-32-3,0,159,2.4,0.9,0.7,0.5,0.5,0.5,0.5,0.5,0.5,0.5,0.5,0.5,1.4,1.6,4,
17-32-36,0,159.4,2.4,0.9,0.7,0.5,0.5,0.5,0.5,0.5,0.5,0.5,0.5,0.5,1.4,2,4,
17-33-9,0,159.4,2.4,0.9,0.7,0.5,0.5,0.5,0.5,0.5,0.5,0.5,0.5,0.5,1.4,2,4,
17-33-42,0,159.4,2.4,0.9,0.7,0.5,0.5,0.5,0.5,0.5,0.5,0.5,0.5,0.5,1.4,2,4,
17-34-15,0,159.5,2.4,1,0.7,0.5,0.5,0.5,0.5,0.5,0.5,0.5,0.5,0.5,1.4,2,4.1,
17-34-47,0,159.5,2.4,1,0.7,0.5,0.5,0.5,0.5,0.5,0.5,0.5,0.5,0.5,1.4,2,4.1,
17-35-20,0,159.5,2.4,1,0.7,0.5,0.5,0.5,0.5,0.5,0.5,0.5,0.5,0.5,1.4,2,4.1,
17-35-52,0,161.9,2.4,1,0.7,0.5,0.5,0.5,0.5,0.5,0.5,0.5,0.5,0.5,1.4,1.9,4.1,
17-36-25,0,161.9,2.4,1,0.7,0.5,0.5,0.5,0.5,0.5,0.5,0.5,0.5,0.5,1.4,1.9,4.1,
17-36-57,0,161.9,2.4,1,0.7,0.5,0.5,0.5,0.5,0.5,0.5,0.5,0.5,0.5,1.4,1.9,4.1,
17-37-29,0,161.9,2.4,1,0.7,0.5,0.5,0.5,0.5,0.5,0.5,0.5,0.5,0.5,1.4,1.9,4.1,
17-38-2,0,162.9,2.4,1,0.5,0.5,0.5,0.5,0.5,0.5,0.5,0.5,0.5,0.5,1.4,1.9,4.1,
17-38-34,0,162.9,2.4,1,0.5,0.5,0.5,0.5,0.5,0.5,0.5,0.5,0.5,0.5,1.4,1.9,4.1,
17-39-7,0,165.7,2.5,1,0.5,0.5,0.5,0.5,0.5,0.5,0.5,0.5,0.5,0.5,1.4,1.9,4,
17-39-39,0,165.7,2.5,1,0.5,0.5,0.5,0.5,0.5,0.5,0.5,0.5,0.5,0.5,1.4,1.9,4,
17-40-13,0,165.7,2.5,1,0.5,0.5,0.5,0.5,0.5,0.5,0.5,0.5,0.5,0.5,1.4,1.9,4,
17-40-46,0,168.6,2.5,1,0.5,0.5,0.5,0.5,0.5,0.5,0.5,0.5,0.5,0.5,1.4,1.9,4.1,
17-41-19,0,168.6,2.5,1,0.5,0.5,0.5,0.5,0.5,0.5,0.5,0.5,0.5,0.5,1.4,1.9,4.1,
17-41-52,0,168.6,2.5,1,0.5,0.5,0.5,0.5,0.5,0.5,0.5,0.5,0.5,0.5,1.4,1.95,4.1,
17-42-24,0,172.1,2.6,1,0.5,0.5,0.5,0.5,0.5,0.5,0.5,0.5,0.5,0.5,1.4,2,4.1,
17-42-57,0,171.5,2.6,1,0.5,0.5,0.5,0.5,0.5,0.5,0.5,0.5,0.5,0.5,1.4,2,4,
17-43-30,0,163.5,2.4,1,0.5,0.5,0.5,0.5,0.5,0.5,0.5,0.5,0.5,0.5,1.4,2,4,
17-44-3,0,163.5,2.4,1,0.5,0.5,0.5,0.5,0.5,0.5,0.5,0.5,0.5,0.5,1.4,2,4,
17-44-35,0,163.5,2.4,1,0.5,0.5,0.5,0.5,0.5,0.5,0.5,0.5,0.5,0.5,1.4,1.85,4,
17-45-8,0,159.4,2.4,1,0.5,0.5,0.5,0.5,0.5,0.5,0.5,0.5,0.5,0.5,1.4,1.6,4,
17-45-40,0,159.4,2.4,1,0.5,0.5,0.5,0.5,0.5,0.5,0.5,0.5,0.5,0.5,1.4,1.6,4,
17-46-13,0,159.4,2.4,1,0.5,0.5,0.5,0.5,0.5,0.5,0.5,0.5,0.5,0.5,1.4,1.6,4,
17-46-45,0,159.4,2.4,1,0.5,0.5,0.5,0.5,0.5,0.5,0.5,0.5,0.5,0.5,1.4,1.6,4,
17-47-18,0,163.2,2.5,1,0.5,0.5,0.5,0.5,0.5,0.5,0.5,0.5,0.5,0.5,1.4,1.6,4,
17-47-50,0,163.2,2.5,1,0.5,0.5,0.5,0.5,0.5,0.5,0.5,0.5,0.5,0.5,1.4,1.6,4,
17-48-23,0,163.2,2.5,1,0.5,0.5,0.5,0.5,0.5,0.5,0.5,0.5,0.5,0.5,1.4,1.6,4,
17-48-56,0,167.7,2.5,1,0.5,0.5,0.5,0.5,0.5,0.5,0.5,0.5,0.5,0.5,1.4,1.6,4.1,
17-49-28,0,167.7,2.5,1,0.5,0.5,0.5,0.5,0.5,0.5,0.5,0.5,0.5,0.5,1.4,1.6,4,
17-50-1,0,167.7,2.5,1,0.5,0.5,0.5,0.5,0.5,0.5,0.5,0.5,0.5,0.5,1.5,1.6,4,
17-50-34,0,169.3,2.6,1,0.5,0.5,0.5,0.5,0.5,0.5,0.5,0.5,0.5,0.5,1.5,1.6,4,
17-51-7,0,169.3,2.6,1,0.5,0.5,0.5,0.5,0.5,0.5,0.5,0.5,0.5,0.5,1.45,2,4,
17-51-39,0,172.7,2.6,1,0.5,0.5,0.5,0.5,0.5,0.5,0.5,0.5,0.5,0.5,1.4,2,4,
17-52-11,0,172.7,2.6,1,0.5,0.5,0.5,0.5,0.5,0.5,0.5,0.5,0.5,0.5,1.4,2,4,
17-52-48,0,172.7,2.6,1,0.5,0.5,0.5,0.5,0.5,0.5,0.5,0.5,0.5,0.5,1.4,2,4.1,
17-53-20,0,170.3,2.6,1,0.5,0.5,0.5,0.5,0.5,0.5,0.5,0.5,0.5,0.5,1.4,1.8,4.1,
17-53-54,0,170.3,2.6,1,0.5,0.5,0.5,0.5,0.5,0.5,0.5,0.5,0.5,0.5,1.4,1.6,4.1,
17-54-27,0,170.3,2.6,1,0.5,0.5,0.5,0.5,0.5,0.5,0.5,0.5,0.5,0.5,1.4,1.6,4.1,
17-54-59,0,176.7,2.6,1.1,0.5,0.5,0.5,0.5,0.5,0.5,0.5,0.5,0.5,0.5,1.4,1.6,4.1,
17-55-32,0,176.7,2.6,1.1,0.5,0.5,0.5,0.5,0.5,0.5,0.5,0.5,0.5,0.5,1.4,1.6,4.1,
17-56-4,0,179,2.7,1.1,0.5,0.5,0.5,0.5,0.5,0.5,0.5,0.5,0.5,0.5,1.4,1.6,4.1,
17-56-38,0,179,2.7,1.1,0.5,0.5,0.5,0.5,0.5,0.5,0.5,0.5,0.5,0.5,1.4,1.6,4.1,
17-57-11,0,179,2.7,1.1,0.5,0.5,0.5,0.5,0.5,0.5,0.5,0.5,0.5,0.5,1.4,1.6,4.1,
17-57-44,0,180.5,2.7,1.1,0.5,0.5,0.5,0.5,0.5,0.5,0.5,0.5,0.5,0.5,1.4,1.6,4.1,
17-58-16,0,180.5,2.7,1.1,0.5,0.5,0.5,0.5,0.5,0.5,0.5,0.5,0.5,0.5,1.4,1.6,4.1,
17-58-48,0,180.5,2.7,1.1,0.5,0.5,0.5,0.5,0.5,0.5,0.5,0.5,0.5,0.5,1.45,1.6,4.1,
17-59-21,0,180.5,2.7,1.1,0.5,0.5,0.5,0.5,0.5,0.5,0.5,0.5,0.5,0.5,1.55,1.8,4.1,
17-59-54,0,181.7,2.7,1.1,0.5,0.5,0.5,0.5,0.5,0.5,0.5,0.5,0.5,0.5,1.6,1.8,4,
18-0-26,0,181.7,2.7,1.1,0.5,0.5,0.5,0.5,0.5,0.5,0.5,0.5,0.5,0.5,1.6,1.7,4,
18-0-58,0,180,2.7,1.1,0.5,0.5,0.5,0.5,0.5,0.5,0.5,0.5,0.5,0.5,1.5,1.7,4,
18-1-31,0,180,2.7,1.1,0.5,0.5,0.5,0.5,0.5,0.5,0.5,0.5,0.5,0.5,1.5,1.6,4,
18-2-3,0,180,2.7,1.1,0.5,0.5,0.5,0.5,0.5,0.5,0.5,0.5,0.5,0.5,1.5,1.6,4,
18-2-36,0,177.6,2.7,1.1,0.5,0.5,0.5,0.5,0.5,0.5,0.5,0.5,0.5,0.5,1.5,1.6,4,
18-3-9,0,177.6,2.7,1.1,0.5,0.5,0.5,0.5,0.5,0.5,0.5,0.5,0.5,0.5,1.5,1.6,4,
18-3-42,0,176.4,2.4,1.1,0.5,0.5,0.5,0.5,0.5,0.5,0.5,0.5,0.5,0.5,1.5,1.5,4,
18-4-14,0,176.4,2.4,1.1,0.5,0.5,0.5,0.5,0.5,0.5,0.5,0.5,0.5,0.5,1.5,1.5,4,
18-4-47,0,176.4,2.4,1.1,0.5,0.5,0.5,0.5,0.5,0.5,0.5,0.5,0.5,0.5,1.5,1.5,4,
18-5-19,0,175.5,2.4,1.1,0.5,0.5,0.5,0.5,0.5,0.5,0.5,0.5,0.5,0.5,1.5,1.5,4,
18-5-52,0,175.9,2.4,1.1,0.5,0.5,0.5,0.5,0.5,0.5,0.5,0.5,0.5,0.5,1.5,1.5,4,
18-6-25,0,175.9,2.4,1.1,0.5,0.5,0.5,0.5,0.5,0.5,0.5,0.5,0.5,0.5,1.5,1.55,4,
18-6-58,0,175.9,2.4,1.1,0.5,0.5,0.5,0.5,0.5,0.5,0.5,0.5,0.5,0.5,1.45,1.6,4,
18-7-30,0,175.9,2.4,1.1,0.5,0.5,0.5,0.5,0.5,0.5,0.5,0.5,0.5,0.5,1.4,1.6,4,
18-8-3,0,173.7,2.4,1.1,0.5,0.5,0.5,0.5,0.5,0.5,0.5,0.5,0.5,0.5,1.4,1.6,4.1,
18-8-35,0,173.7,2.4,1.1,0.5,0.5,0.5,0.5,0.5,0.5,0.5,0.5,0.5,0.5,1.4,1.6,4.1,
18-9-8,0,174,2.4,1.1,0.5,0.5,0.5,0.5,0.5,0.5,0.5,0.5,0.5,0.5,1.4,1.6,4.1,
18-9-41,0,176,2.5,1.1,0.5,0.5,0.5,0.5,0.5,0.5,0.5,0.5,0.5,0.5,1.4,1.7,10,
18-10-13,0,170.6,2.4,1.1,0.5,0.5,0.5,0.5,0.5,0.5,0.5,0.5,0.5,0.5,1.4,2,9,
18-10-46,0,170.6,2.4,1.1,0.5,0.5,0.5,0.5,0.5,0.5,0.5,0.5,0.5,0.5,1.4,2,4.3,
18-11-18,0,169.2,2.4,1.1,0.5,0.5,0.5,0.5,0.5,0.5,0.5,0.5,0.5,0.5,1.4,1.9,4.3,
18-11-51,0,169.2,2.4,1.1,0.5,0.5,0.5,0.5,0.5,0.5,0.5,0.5,0.5,0.5,1.4,1.9,4.3,
18-12-24,0,166,2.3,1,0.5,0.5,0.5,0.5,0.5,0.5,0.5,0.5,0.5,0.5,1.4,1.8,4.3,
18-12-56,0,166,2.3,1,0.5,0.5,0.5,0.5,0.5,0.5,0.5,0.5,0.5,0.5,1.4,1.8,4.3,
18-13-29,0,162.4,2.3,1,0.5,0.5,0.5,0.5,0.5,0.5,0.5,0.5,0.5,0.5,1.4,1.8,4.3,
18-14-1,0,162.4,2.3,1,0.5,0.5,0.5,0.5,0.5,0.5,0.5,0.5,0.5,0.5,1.4,1.7,9,
18-14-34,0,160.9,2.3,1,0.5,0.5,0.5,0.5,0.5,0.5,0.5,0.5,0.5,0.5,1.4,1.7,9,
18-15-6,0,158.3,2.2,1,0.5,0.5,0.5,0.5,0.5,0.5,0.5,0.5,0.5,0.5,1.4,1.7,9,
18-15-39,0,158.3,2.2,1,0.5,0.5,0.5,0.5,0.5,0.5,0.5,0.5,0.5,0.5,1.5,1.7,9,
18-16-11,0,158.3,2.2,1,0.5,0.5,0.5,0.5,0.5,0.5,0.5,0.5,0.5,0.5,1.5,1.7,9,
18-16-44,0,158.3,2.2,1,0.5,0.5,0.5,0.5,0.5,0.5,0.5,0.5,0.5,0.5,1.5,1.7,9,
18-17-16,0,152.5,2.2,1,0.5,0.5,0.5,0.5,0.5,0.5,0.5,0.5,0.5,0.5,1.5,1.7,9,
18-17-49,0,152.5,2.2,1,0.5,0.5,0.5,0.5,0.5,0.5,0.5,0.5,0.5,0.5,1.5,1.6,9,
18-18-21,0,156.1,2.3,1,0.5,0.5,0.5,0.5,0.5,0.5,0.5,0.5,0.5,0.5,1.5,1.6,4.3,
18-18-53,0,156.1,2.3,1,0.5,0.5,0.5,0.5,0.5,0.5,0.5,0.5,0.5,0.5,1.5,1.6,4.1,
18-19-26,0,156.3,2.3,0.8,0.5,0.5,0.5,0.5,0.5,0.5,0.5,0.5,0.5,0.5,1.5,1.8,4.1,
18-19-58,0,156.1,2.3,0.8,0.5,0.5,0.5,0.5,0.5,0.5,0.5,0.5,0.5,0.5,1.5,1.8,4.1,
18-20-30,0,156.1,2.3,0.8,0.5,0.5,0.5,0.5,0.5,0.5,0.5,0.5,0.5,0.5,1.5,1.8,4.1,
18-21-3,0,154.4,2.3,0.8,0.5,0.5,0.5,0.5,0.5,0.5,0.5,0.5,0.5,0.5,1.5,1.7,4.1,
18-21-35,0,154.4,2.3,0.8,0.5,0.5,0.5,0.5,0.5,0.5,0.5,0.5,0.5,0.5,1.5,1.7,4.1,
18-22-8,0,154.4,2.3,0.8,0.5,0.5,0.5,0.5,0.5,0.5,0.5,0.5,0.5,0.5,1.5,1.65,4.1,
18-22-41,0,129.5,2.3,0.8,0.5,0.5,0.5,0.5,0.5,0.5,0.5,0.5,0.5,0.5,1.405,1.55,4.1,
18-23-13,0,122.4,2.3,0.8,0.5,0.5,0.5,0.5,0.5,0.5,0.5,0.5,0.5,0.5,1.31,1.5,4.1,
18-23-46,0,122.4,2.3,0.8,0.5,0.5,0.5,0.5,0.5,0.5,0.5,0.5,0.5,0.5,1.31,1.5,4.1,
18-24-18,0,104.5,2.3,0.8,0.5,0.5,0.5,0.5,0.5,0.5,0.5,0.5,0.5,0.5,1.4,1.55,4.1,
18-24-51,0,104.5,2.3,0.8,0.5,0.5,0.5,0.5,0.5,0.5,0.5,0.5,0.5,0.5,1.4,1.65,4.1,
18-25-23,0,104.5,2.3,0.8,0.5,0.5,0.5,0.5,0.5,0.5,0.5,0.5,0.5,0.5,1.4,1.7,4.1,
18-25-56,0,99.9,2,0.8,0.5,0.5,0.5,0.5,0.5,0.5,0.5,0.5,0.5,0.5,1.4,1.7,4.1,
18-26-28,0,99,2,0.7,0.5,0.5,0.5,0.5,0.5,0.5,0.5,0.5,0.5,0.5,1.5,1.85,4.1,
18-27-1,0,99,2,0.7,0.5,0.5,0.5,0.5,0.5,0.5,0.5,0.5,0.5,0.5,1.5,2,4.1,
18-27-33,0,99,2,0.7,0.5,0.5,0.5,0.5,0.5,0.5,0.5,0.5,0.5,0.5,1.5,2,4.1,
18-28-6,0,95.9,1.9,0.7,0.5,0.5,0.5,0.5,0.5,0.5,0.5,0.5,0.5,0.5,1.5,2,4.1,
18-28-38,0,95.9,1.9,0.7,0.5,0.5,0.5,0.5,0.5,0.5,0.5,0.5,0.5,0.5,1.5,2,4.1,
18-29-11,0,87.4,1.9,0.7,0.5,0.5,0.5,0.5,0.5,0.5,0.5,0.5,0.5,0.5,1.5,2,4.1,
18-29-43,0,87.4,1.9,0.7,0.5,0.5,0.5,0.5,0.5,0.5,0.5,0.5,0.5,0.5,1.5,2,4.1,
18-30-16,0,87.4,1.9,0.7,0.5,0.5,0.5,0.5,0.5,0.5,0.5,0.5,0.5,0.5,1.5,2,4.1,
18-30-48,0,87.4,1.9,0.7,0.5,0.5,0.5,0.5,0.5,0.5,0.5,0.5,0.5,0.5,1.5,2,4.1,
18-31-20,0,87.7,1.9,0.7,0.5,0.5,0.5,0.5,0.5,0.5,0.5,0.5,0.5,0.5,1.5,1.9,4.1,
18-31-53,0,87.7,1.9,0.7,0.5,0.5,0.5,0.5,0.5,0.5,0.5,0.5,0.5,0.5,1.5,1.8,4.1,
18-32-25,0,52.6,2,0.7,0.5,0.5,0.5,0.5,0.5,0.5,0.5,0.5,0.5,0.5,1.5,1.8,4.1,
18-32-58,0,52.6,2,0.7,0.5,0.5,0.5,0.5,0.5,0.5,0.5,0.5,0.5,0.5,1.5,1.8,4.1,
18-33-30,0,52.5,2,0.7,0.5,0.5,0.5,0.5,0.5,0.5,0.5,0.5,0.5,0.5,1.5,1.8,4.1,
18-34-3,0,52.5,2,0.7,0.5,0.5,0.5,0.5,0.5,0.5,0.5,0.5,0.5,0.5,1.45,1.8,4.1,
18-34-36,0,31.2,2,0.7,0.5,0.5,0.5,0.5,0.5,0.5,0.5,0.5,0.5,0.5,1.4,1.8,4.1,
18-35-8,0,31.2,2,0.7,0.5,0.5,0.5,0.5,0.5,0.5,0.5,0.5,0.5,0.5,1.4,1.8,4.1,
18-35-41,0,31.2,2,0.7,0.5,0.5,0.5,0.5,0.5,0.5,0.5,0.5,0.5,0.5,1.4,1.8,4.1,
18-36-13,0,31.2,2,0.7,0.5,0.5,0.5,0.5,0.5,0.5,0.5,0.5,0.5,0.5,1.4,1.8,4.1,
18-36-46,0,31.1,2,0.7,0.5,0.5,0.5,0.5,0.5,0.5,0.5,0.5,0.5,0.5,1.4,1.8,4.1,
18-37-19,0,31.1,2,0.7,0.5,0.5,0.5,0.5,0.5,0.5,0.5,0.5,0.5,0.5,1.4,1.8,4.1,
